index	captionID	pairID	sentence1_binary_parse	sentence2_binary_parse	sentence1_parse	sentence2_parse	sentence1	sentence2	label1	gold_label
104087	1240297429.jpg#0	1240297429.jpg#0r4n	( ( A dog ) ( ( is ( ( ( ( wearing ( a ( red number ) ) ) 6 ) and ) ( running ( through ( ( a field ) ( of ( ( green ( grass while ) ) ( being ( chased ( by ( a bird ) ) ) ) ) ) ) ) ) ) ) . ) )	( ( The dog ) ( ( enjoys ( the exercise ) ) . ) )	(ROOT (S (NP (DT A) (NN dog)) (VP (VBZ is) (VP (VP (VBG wearing) (NP (DT a) (JJ red) (NN number)) (NP (CD 6))) (CC and) (VP (VBG running) (PP (IN through) (NP (NP (DT a) (NN field)) (PP (IN of) (NP (NP (JJ green) (NN grass) (NN while)) (VP (VBG being) (VP (VBN chased) (PP (IN by) (NP (DT a) (NN bird)))))))))))) (. .)))	(ROOT (S (NP (DT The) (NN dog)) (VP (VBZ enjoys) (NP (DT the) (NN exercise))) (. .)))	A dog is wearing a red number 6 and running through a field of green grass while being chased by a bird.	The dog enjoys the exercise.	neutral	neutral
160206	2605495015.jpg#0	2605495015.jpg#0r1n	( ( ( ( A ( little boy ) ) ( in ( ( ( a ( tan shirt ) ) and ) shorts ) ) ) ( walking ( in ( ( an area ) ( with ( many ( gray ( mesh ( ( tables and ) chairs ) ) ) ) ) ) ) ) ) . )	( ( The boy ) ( ( is ( a student ) ) . ) )	(ROOT (NP (NP (NP (DT A) (JJ little) (NN boy)) (PP (IN in) (NP (NP (DT a) (JJ tan) (NN shirt)) (CC and) (NP (NNS shorts))))) (VP (VBG walking) (PP (IN in) (NP (NP (DT an) (NN area)) (PP (IN with) (NP (JJ many) (JJ gray) (NN mesh) (NNS tables) (CC and) (NNS chairs)))))) (. .)))	(ROOT (S (NP (DT The) (NN boy)) (VP (VBZ is) (NP (DT a) (NN student))) (. .)))	A little boy in a tan shirt and shorts walking in an area with many gray mesh tables and chairs.	The boy is a student.	neutral	neutral
427958	44201115.jpg#4	44201115.jpg#4r1n	( ( ( A woman ) ( in ( a ( green shirt ) ) ) ) ( ( is ( petting ( a dog ) ) ) . ) )	( ( A woman ) ( ( petting ( ( her ( friend 's ) ) dog ) ) . ) )	(ROOT (S (NP (NP (DT A) (NN woman)) (PP (IN in) (NP (DT a) (JJ green) (NN shirt)))) (VP (VBZ is) (VP (VBG petting) (NP (DT a) (NN dog)))) (. .)))	(ROOT (S (NP (DT A) (NN woman)) (VP (VBD petting) (NP (NP (PRP$ her) (NN friend) (POS 's)) (NN dog))) (. .)))	A woman in a green shirt is petting a dog.	A woman petting her friend's dog.	neutral	neutral
287603	1545049746.jpg#2	1545049746.jpg#2r1n	( ( A boy ) ( ( is ( ( ( ( performing ( a trick ) ) ( on ( his skateboard ) ) ) ( beneath ( ( ( white clouds ) and ) ( a ( blue sky ) ) ) ) ) ( as ( ( four ( sitting guys ) ) ( watch him ) ) ) ) ) . ) )	( Someone ( is ( watching ( ( a boy ) ( do tricks ) ) ) ) )	(ROOT (S (NP (DT A) (NN boy)) (VP (VBZ is) (VP (VBG performing) (NP (DT a) (NN trick)) (PP (IN on) (NP (PRP$ his) (NN skateboard))) (PP (IN beneath) (NP (NP (JJ white) (NNS clouds)) (CC and) (NP (DT a) (JJ blue) (NN sky)))) (SBAR (IN as) (S (NP (CD four) (VBG sitting) (NNS guys)) (VP (VBP watch) (NP (PRP him))))))) (. .)))	(ROOT (S (NP (NN Someone)) (VP (VBZ is) (VP (VBG watching) (S (NP (DT a) (NN boy)) (VP (VB do) (NP (NNS tricks))))))))	A boy is performing a trick on his skateboard beneath white clouds and a blue sky as four sitting guys watch him.	Someone is watching a boy do tricks	neutral	neutral
456559	6222964233.jpg#4	6222964233.jpg#4r1n	( ( Skateboarder ( ( doing ( a trick ) ) ( at ( a ( skate park ) ) ) ) ) . )	( ( A skateboarder ) ( ( completes ( a jump ) ) . ) )	(ROOT (NP (NP (NNP Skateboarder)) (VP (VBG doing) (NP (DT a) (NN trick)) (PP (IN at) (NP (DT a) (JJ skate) (NN park)))) (. .)))	(ROOT (S (NP (DT A) (NN skateboarder)) (VP (VBZ completes) (NP (DT a) (NN jump))) (. .)))	Skateboarder doing a trick at a skate park.	A skateboarder completes a jump.	neutral	neutral
134697	2504704808.jpg#1	2504704808.jpg#1r1n	( ( Next ( to ( a bus ) ) ) ( , ( ( a collision ) ( ( happened ( involving ( two vehicles ) ) ) . ) ) ) )	( ( The bus ) ( ( caused ( the accident ) ) . ) )	(ROOT (S (ADVP (JJ Next) (PP (TO to) (NP (DT a) (NN bus)))) (, ,) (NP (DT a) (NN collision)) (VP (VBD happened) (S (VP (VBG involving) (NP (CD two) (NNS vehicles))))) (. .)))	(ROOT (S (NP (DT The) (NN bus)) (VP (VBD caused) (NP (DT the) (NN accident))) (. .)))	Next to a bus, a collision happened involving two vehicles.	The bus caused the accident.	neutral	neutral
451083	1131883759.jpg#3	1131883759.jpg#3r2n	( ( ( A hand ) ( ( holding ( an object ) ) ( while ( ( a hole ) ( is ( drilled ( in it ) ) ) ) ) ) ) . )	( People ( ( are ( completing ( a ( school project ) ) ) ) . ) )	(ROOT (NP (NP (DT A) (NN hand)) (VP (VBG holding) (NP (DT an) (NN object)) (SBAR (IN while) (S (NP (DT a) (NN hole)) (VP (VBZ is) (VP (VBN drilled) (PP (IN in) (NP (PRP it)))))))) (. .)))	(ROOT (S (NP (NNS People)) (VP (VBP are) (VP (VBG completing) (NP (DT a) (NN school) (NN project)))) (. .)))	A hand holding an object while a hole is drilled in it.	People are completing a school project.	neutral	neutral
385234	3629489568.jpg#0	3629489568.jpg#0r5n	( ( Many people ) ( ( are ( ( sitting ( in ( a ( street ( side cafe ) ) ) ) ) ( at ( ( red ( clothed tables ) ) ( in ( front ( of ( ( a ( tall ( old building ) ) ) ( with ( ( arches and ) statues ) ) ) ) ) ) ) ) ) ) . ) )	( ( the people ) ( are women ) )	(ROOT (S (NP (JJ Many) (NNS people)) (VP (VBP are) (VP (VBG sitting) (PP (IN in) (NP (DT a) (NN street) (NN side) (NN cafe))) (PP (IN at) (NP (NP (JJ red) (JJ clothed) (NNS tables)) (PP (IN in) (NP (NP (NN front)) (PP (IN of) (NP (NP (DT a) (JJ tall) (JJ old) (NN building)) (PP (IN with) (NP (NNS arches) (CC and) (NNS statues))))))))))) (. .)))	(ROOT (S (NP (DT the) (NNS people)) (VP (VBP are) (NP (NNS women)))))	Many people are sitting in a street side cafe at red clothed tables in front of a tall old building with arches and statues.	the people are women	neutral	neutral
259244	4368366048.jpg#1	4368366048.jpg#1r1e	( ( ( A woman ) ( holding ( a microphone ) ) ) ( ( is ( talking ( during ( a ( Powerpoint presentation ) ) ) ) ) . ) )	( ( A woman ) ( ( speaks ( though ( a microphone ) ) ) . ) )	(ROOT (S (NP (NP (DT A) (NN woman)) (VP (VBG holding) (NP (DT a) (NN microphone)))) (VP (VBZ is) (VP (VBG talking) (PP (IN during) (NP (DT a) (NNP Powerpoint) (NN presentation))))) (. .)))	(ROOT (S (NP (DT A) (NN woman)) (VP (VBZ speaks) (ADVP (IN though) (NP (DT a) (NN microphone)))) (. .)))	A woman holding a microphone is talking during a Powerpoint presentation.	A woman speaks though a microphone.	entailment	entailment
161103	vg_verb109	vg_verb109r3e	( ( The food ) ( ( needs ( to ( be ( eaten soon ) ) ) ) . ) )	( There ( ( is ( food ( to ( be eaten ) ) ) ) . ) )	(ROOT (S (NP (DT The) (NN food)) (VP (VBZ needs) (S (VP (TO to) (VP (VB be) (VP (VBN eaten) (ADVP (RB soon))))))) (. .)))	(ROOT (S (NP (EX There)) (VP (VBZ is) (NP (NN food) (S (VP (TO to) (VP (VB be) (VP (VBN eaten))))))) (. .)))	The food needs to be eaten soon.	There is food to be eaten.	entailment	entailment
368936	7860117984.jpg#2	7860117984.jpg#2r1e	( ( A matador ) ( ( ( shows ( his ( ( love and ) relationship ) ) ) ( with ( his bull ) ) ) . ) )	( ( ( ( A bull ) and ) ( a matador ) ) ( ( are together ) . ) )	(ROOT (S (NP (DT A) (NN matador)) (VP (VBZ shows) (NP (PRP$ his) (NN love) (CC and) (NN relationship)) (PP (IN with) (NP (PRP$ his) (NN bull)))) (. .)))	(ROOT (S (NP (NP (DT A) (NN bull)) (CC and) (NP (DT a) (NN matador))) (VP (VBP are) (ADJP (RB together))) (. .)))	A matador shows his love and relationship with his bull.	A bull and a matador are together.	entailment	entailment
392707	7374362298.jpg#4	7374362298.jpg#4r5e	( ( ( A man ) ( in ( ( a uniform ) ( with glasses ) ) ) ) ( ( is ( playing ( a ( french horn ) ) ) ) . ) )	( Someone ( performs ( on ( a ( musical instrument ) ) ) ) )	(ROOT (S (NP (NP (DT A) (NN man)) (PP (IN in) (NP (NP (DT a) (NN uniform)) (PP (IN with) (NP (NNS glasses)))))) (VP (VBZ is) (VP (VBG playing) (NP (DT a) (JJ french) (NN horn)))) (. .)))	(ROOT (S (NP (NN Someone)) (VP (VBZ performs) (PP (IN on) (NP (DT a) (JJ musical) (NN instrument))))))	A man in a uniform with glasses is playing a french horn.	Someone performs on a musical instrument	entailment	entailment
398002	2310972631.jpg#3	2310972631.jpg#3r1e	( ( ( A ( little girl ) ) ( balancing ( on ( ( a ledge ) ( on ( ( the side ) ( of ( the street ) ) ) ) ) ) ) ) . )	( ( A girl ) ( ( is ( near ( a street ) ) ) . ) )	(ROOT (NP (NP (DT A) (JJ little) (NN girl)) (VP (VBG balancing) (PP (IN on) (NP (NP (DT a) (NN ledge)) (PP (IN on) (NP (NP (DT the) (NN side)) (PP (IN of) (NP (DT the) (NN street)))))))) (. .)))	(ROOT (S (NP (DT A) (NN girl)) (VP (VBZ is) (PP (IN near) (NP (DT a) (NN street)))) (. .)))	A little girl balancing on a ledge on the side of the street.	A girl is near a street.	entailment	entailment
299342	6994642420.jpg#0	6994642420.jpg#0r1e	( ( ( Two men ) ( in ( ( ( navy ( blue uniforms ) ) ( ( with ( navy captain ) ) 's ) ) ( ( hats and ) ( white boots ) ) ) ) ) ( ( are ( ( walking down ) ( ( a ( small ( , ( brick ( , ( busy street ) ) ) ) ) ) ( at night ) ) ) ) . ) )	( ( Two men ) ( ( are ( ( walking down ) ( a street ) ) ) . ) )	(ROOT (S (NP (NP (CD Two) (NNS men)) (PP (IN in) (NP (NP (NP (NN navy) (JJ blue) (NNS uniforms)) (PP (IN with) (NP (NN navy) (NN captain))) (POS 's)) (NX (NX (NNS hats)) (CC and) (NX (JJ white) (NNS boots)))))) (VP (VBP are) (VP (VBG walking) (PRT (RP down)) (NP (NP (DT a) (JJ small) (, ,) (NN brick) (, ,) (JJ busy) (NN street)) (PP (IN at) (NP (NN night)))))) (. .)))	(ROOT (S (NP (CD Two) (NNS men)) (VP (VBP are) (VP (VBG walking) (PRT (RP down)) (NP (DT a) (NN street)))) (. .)))	Two men in navy blue uniforms with navy captain's hats and white boots are walking down a small, brick, busy street at night.	Two men are walking down a street.	entailment	entailment
145261	4209480025.jpg#2	4209480025.jpg#2r1e	( ( Man ( wearing ( ( glasses and ) ( a ( hat ( shoveling snow ) ) ) ) ) ) . )	( ( ( A man ) ( in glasses ) ) ( ( shovels snow ) . ) )	(ROOT (NP (NP (NNP Man)) (VP (VBG wearing) (NP (NP (NNS glasses)) (CC and) (NP (DT a) (NN hat) (VBG shoveling) (NN snow)))) (. .)))	(ROOT (S (NP (NP (DT A) (NN man)) (PP (IN in) (NP (NNS glasses)))) (VP (VBD shovels) (NP (NN snow))) (. .)))	Man wearing glasses and a hat shoveling snow.	A man in glasses shovels snow.	entailment	entailment
397343	870367466.jpg#4	870367466.jpg#4r1e	( Woman ( ( ( plays guitar ) ( to ( two children ) ) ) . ) )	( There ( ( are ( two children ) ) . ) )	(ROOT (S (NP (NNP Woman)) (VP (VBZ plays) (NP (NN guitar)) (PP (TO to) (NP (CD two) (NNS children)))) (. .)))	(ROOT (S (NP (EX There)) (VP (VBP are) (NP (CD two) (NNS children))) (. .)))	Woman plays guitar to two children.	There are two children.	entailment	entailment	entailment	entailment	entailment	entailment
288997	4979318904.jpg#0	4979318904.jpg#0r1c	( ( An ( Asian ( young woman ) ) ) ( ( is ( walking ( outside ( ( ( carrying ( a book ) ) and ) ( wearing headphones ) ) ) ) ) . ) )	( ( A woman ) ( ( is ( ( eating dinner ) ( at ( the restaurant ) ) ) ) . ) )	(ROOT (S (NP (DT An) (JJ Asian) (JJ young) (NN woman)) (VP (VBZ is) (VP (VBG walking) (PP (IN outside) (S (VP (VP (VBG carrying) (NP (DT a) (NN book))) (CC and) (VP (VBG wearing) (NP (NNS headphones)))))))) (. .)))	(ROOT (S (NP (DT A) (NN woman)) (VP (VBZ is) (VP (VBG eating) (NP (NN dinner)) (PP (IN at) (NP (DT the) (NN restaurant))))) (. .)))	An Asian young woman is walking outside carrying a book and wearing headphones.	A woman is eating dinner at the restaurant.	contradiction	contradiction
136058	8146641506.jpg#4	8146641506.jpg#4r4c	( ( A man ) ( ( ( surveys ( a booth ) ) ( at ( ( a convention ) ( featuring ( framed art ) ) ) ) ) . ) )	( ( A man ) ( ( looks ( at ( artwork ( in ( a museum ) ) ) ) ) . ) )	(ROOT (S (NP (DT A) (NN man)) (VP (VBZ surveys) (NP (DT a) (NN booth)) (PP (IN at) (NP (NP (DT a) (NN convention)) (VP (VBG featuring) (NP (JJ framed) (NN art)))))) (. .)))	(ROOT (S (NP (DT A) (NN man)) (VP (VBZ looks) (PP (IN at) (NP (NP (NN artwork)) (PP (IN in) (NP (DT a) (NN museum)))))) (. .)))	A man surveys a booth at a convention featuring framed art.	A man looks at artwork in a museum.	contradiction	contradiction
342182	3606909929.jpg#0	3606909929.jpg#0r3c	( ( ( ( ( ( ( A silver ) and ) ( black ( race car ) ) ) ( turns sideways ) ) and ) ( blows ( ( smoke out ) ( ( the back ) ( of ( the car ) ) ) ) ) ) . )	( ( A toddler ) ( ( is ( ( driving ( a ( race car ) ) ) ( at ( a ( NASCAR event ) ) ) ) ) . ) )	(ROOT (S (S (NP (NP (DT A) (NN silver)) (CC and) (NP (JJ black) (NN race) (NN car))) (VP (VBZ turns) (ADVP (RB sideways)))) (CC and) (S (NP (NNS blows)) (VP (VBP smoke) (PRT (RP out)) (NP (NP (DT the) (NN back)) (PP (IN of) (NP (DT the) (NN car)))))) (. .)))	(ROOT (S (NP (DT A) (NN toddler)) (VP (VBZ is) (VP (VBG driving) (NP (DT a) (NN race) (NN car)) (PP (IN at) (NP (DT a) (JJ NASCAR) (NN event))))) (. .)))	A silver and black race car turns sideways and blows smoke out the back of the car.	A toddler is driving a race car at a NASCAR event.	contradiction	contradiction
56485	4725691880.jpg#2	4725691880.jpg#2r1c	( ( ( A ( produce market ) ) ( displaying ( ( wares and ) ( colorful flags ) ) ) ) . )	( ( ( A ( butcher shop ) ) ( with ( some signs ) ) ) . )	(ROOT (NP (NP (DT A) (NN produce) (NN market)) (VP (VBG displaying) (NP (NP (NNS wares)) (CC and) (NP (JJ colorful) (NNS flags)))) (. .)))	(ROOT (NP (NP (DT A) (NN butcher) (NN shop)) (PP (IN with) (NP (DT some) (NNS signs))) (. .)))	A produce market displaying wares and colorful flags.	A butcher shop with some signs.	contradiction	contradiction
347908	2231052760.jpg#0	2231052760.jpg#0r1c	( ( A couple ) ( ( is ( fishing ( on ( ( a ( sandy ( beach while ) ) ) ( relaxing ( under ( an umbrella ) ) ) ) ) ) ) . ) )	( ( the couple ) ( is ( on ( the pier ) ) ) )	(ROOT (S (NP (DT A) (NN couple)) (VP (VBZ is) (VP (VBG fishing) (PP (IN on) (NP (NP (DT a) (JJ sandy) (NN beach) (NN while)) (VP (VBG relaxing) (PP (IN under) (NP (DT an) (NN umbrella)))))))) (. .)))	(ROOT (S (NP (DT the) (NN couple)) (VP (VBZ is) (PP (IN on) (NP (DT the) (NN pier))))))	A couple is fishing on a sandy beach while relaxing under an umbrella.	the couple is on the pier	contradiction	contradiction
254335	414985630.jpg#2	414985630.jpg#2r1c	( ( A ( young women ) ) ( ( plays ( golf ( on ( a ( grassy turf ) ) ) ) ) . ) )	( ( The woman ) ( ( is ( ( hitting ( golf balls ) ) ( off ( the ( cement roof ) ) ) ) ) . ) )	(ROOT (S (NP (DT A) (JJ young) (NNS women)) (VP (VBZ plays) (NP (NP (NN golf)) (PP (IN on) (NP (DT a) (JJ grassy) (NN turf))))) (. .)))	(ROOT (S (NP (DT The) (NN woman)) (VP (VBZ is) (VP (VBG hitting) (NP (NN golf) (NNS balls)) (PP (IN off) (NP (DT the) (NN cement) (NN roof))))) (. .)))	A young women plays golf on a grassy turf.	The woman is hitting golf balls off the cement roof.	contradiction	contradiction
543817	421780367.jpg#4	421780367.jpg#4r1c	( ( Three men ) ( ( ( discuss ( ( the renovations ) ( of land ) ) ) ( before ( a tractor ) ) ) . ) )	( ( Three men ) ( ( ( discuss politics ) ( at ( a ( political event ) ) ) ) . ) )	(ROOT (S (NP (CD Three) (NNS men)) (VP (VBP discuss) (NP (NP (DT the) (NNS renovations)) (PP (IN of) (NP (NN land)))) (PP (IN before) (NP (DT a) (NN tractor)))) (. .)))	(ROOT (S (NP (CD Three) (NNS men)) (VP (VBP discuss) (NP (NNS politics)) (PP (IN at) (NP (DT a) (JJ political) (NN event)))) (. .)))	Three men discuss the renovations of land before a tractor.	Three men discuss politics at a political event.	contradiction	contradiction
333511	471094546.jpg#1	471094546.jpg#1r1c	( ( A ( small child ) ) ( ( ( looks ( into ( a fire ) ) ) ( while ( ( an ( older woman ) ) ( ( seated next ) ( to ( her prays ) ) ) ) ) ) . ) )	( ( A man ) sleeps )	(ROOT (S (NP (DT A) (JJ small) (NN child)) (VP (VBZ looks) (PP (IN into) (NP (DT a) (NN fire))) (SBAR (IN while) (S (NP (DT an) (JJR older) (NN woman)) (VP (VBN seated) (ADVP (JJ next)) (PP (TO to) (NP (PRP$ her) (NNS prays))))))) (. .)))	(ROOT (S (NP (DT A) (NN man)) (VP (VBZ sleeps))))	A small child looks into a fire while an older woman seated next to her prays.	A man sleeps	contradiction	contradiction
