index	promptID	pairID	genre	sentence1_binary_parse	sentence2_binary_parse	sentence1_parse	sentence2_parse	sentence1	sentence2	label1	gold_label
10627	136628	136628e	government	( ( Price caps ) ( ( may ( ( sound ( more attractive ) ) ( with ( every ( passing ( rate case ) ) ) ) ) ) . ) )	( ( Rate cases ) ( ( make ( ( price caps ) ( sound ( more attractive ) ) ) ) . ) )	(ROOT (S (NP (NNP Price) (NNS caps)) (VP (MD may) (VP (VB sound) (ADJP (RBR more) (JJ attractive)) (PP (IN with) (NP (DT every) (VBG passing) (NN rate) (NN case))))) (. .)))	(ROOT (S (NP (NNP Rate) (NNS cases)) (VP (VBP make) (S (NP (NN price) (NNS caps)) (VP (VB sound) (ADJP (RBR more) (JJ attractive))))) (. .)))	Price caps may sound more attractive with every passing rate case.	Rate cases make price caps sound more attractive.	entailment	entailment
115221	130025	130025e	telephone	( so ( ( ( i ( ( 'm not ) ( with ( the ( same ( softball team ) ) ) ) ) ) but ) ( they ( 're ( starting ( ( up soon ) ( so ( i ( 'll ( be ( playing again ) ) ) ) ) ) ) ) ) ) )	( ( ( ( ( ( I ( 'm ( on ( a ( different ( softball team ) ) ) ) ) ) but ) ( they ( 'll ( be ( ( starting up ) again ) ) ) ) ) and ) ( I ( will ( play ( again soon ) ) ) ) ) . )	(ROOT (SBAR (IN so) (S (S (NP (FW i)) (VP (VBP 'm) (RB not) (PP (IN with) (NP (DT the) (JJ same) (NN softball) (NN team))))) (CC but) (S (NP (PRP they)) (VP (VBP 're) (VP (VBG starting) (ADVP (ADVP (RB up) (RB soon)) (SBAR (IN so) (S (NP (FW i)) (VP (MD 'll) (VP (VB be) (VP (VBG playing) (ADVP (RB again))))))))))))))	(ROOT (S (S (NP (PRP I)) (VP (VBP 'm) (PP (IN on) (NP (DT a) (JJ different) (NN softball) (NN team))))) (CC but) (S (NP (PRP they)) (VP (MD 'll) (VP (VB be) (VP (VBG starting) (PRT (RP up)) (ADVP (RB again)))))) (CC and) (S (NP (PRP I)) (VP (MD will) (VP (VB play) (ADVP (RB again) (RB soon))))) (. .)))	so i'm not with the same softball team but they're starting up soon so i'll be playing again	I'm on a different softball team but they'll be starting up again and I will play again soon.	entailment	entailment
106569	120233	120233e	slate	( ( ( ( ( Annette Bening ) , ) ( on ( ( the verge ) ( of ( ( becoming ( a ( major actress ) ) ) ( before ( she ( got ( sucked ( into ( ( Warren ( Beatty 's ) ) orbit ) ) ) ) ) ) ) ) ) ) ) , ) ( ( ( burned up ) ( on entry ) ) . ) )	( ( Annette Bening ) ( ( ( ( was not ) ( a ( major actress ) ) ) ( before ( meeting ( Warren Beatty ) ) ) ) . ) )	(ROOT (S (NP (NP (NNP Annette) (NNP Bening)) (, ,) (PP (IN on) (NP (NP (DT the) (NN verge)) (PP (IN of) (S (VP (VBG becoming) (NP (DT a) (JJ major) (NN actress)) (SBAR (IN before) (S (NP (PRP she)) (VP (VBD got) (VP (VBN sucked) (PP (IN into) (NP (NP (NNP Warren) (NNP Beatty) (POS 's)) (NN orbit)))))))))))) (, ,)) (VP (VBD burned) (PRT (RP up)) (PP (IN on) (NP (NN entry)))) (. .)))	(ROOT (S (NP (NNP Annette) (NNP Bening)) (VP (VBD was) (RB not) (NP (DT a) (JJ major) (NN actress)) (PP (IN before) (S (VP (VBG meeting) (NP (NNP Warren) (NNP Beatty)))))) (. .)))	Annette Bening, on the verge of becoming a major actress before she got sucked into Warren Beatty's orbit, burned up on entry.	Annette Bening was not a major actress before meeting Warren Beatty.	entailment	entailment
84123	18935	18935e	travel	( ( ( ( ( ( British troops ) ( ( arrived ( on ( ( the island ) ( in 1801 ) ) ) ) ( to ( ( protect ( against ( possible invasion ) ) ) ( by ( the French ) ) ) ) ) ) , ) but ) ( they ( were ( with?Τrawn ( following ( ( the Treaty ) ( of ( Amiens ( in 1802 ) ) ) ) ) ) ) ) ) . )	( ( Following ( ( a treaty ) ( with France ) ) ) ( , ( ( British troops ) ( ( were ( withdrawn ( from ( the island ) ) ) ) . ) ) ) )	(ROOT (S (S (NP (JJ British) (NNS troops)) (VP (VBD arrived) (PP (IN on) (NP (NP (DT the) (NN island)) (PP (IN in) (NP (CD 1801))))) (S (VP (TO to) (VP (VB protect) (PP (IN against) (NP (JJ possible) (NN invasion))) (PP (IN by) (NP (DT the) (JJ French)))))))) (, ,) (CC but) (S (NP (PRP they)) (VP (VBD were) (VP (VBN with?Τrawn) (PP (VBG following) (NP (NP (DT the) (NNP Treaty)) (PP (IN of) (NP (NP (NNP Amiens)) (PP (IN in) (NP (CD 1802)))))))))) (. .)))	(ROOT (S (PP (VBG Following) (NP (NP (DT a) (NN treaty)) (PP (IN with) (NP (NNP France))))) (, ,) (NP (JJ British) (NNS troops)) (VP (VBD were) (VP (VBN withdrawn) (PP (IN from) (NP (DT the) (NN island))))) (. .)))	British troops arrived on the island in 1801 to protect against possible invasion by the French, but they were with?Τrawn following the Treaty of Amiens in 1802.	Following a treaty with France, British troops were withdrawn from the island.	entailment	entailment
21167	14576	14576e	slate	( ( They ( do not ) ) ( , ( they ( ( ( ( say , ) value ) ( ( a stock ) ( by ( looking ( at ( future earnings ) ) ) ) ) ) . ) ) ) )	( ( To them ) ( , ( ( ( the value ) ( of stock ) ) ( ( ( is n't ) ( ( a question ) ( of ( ( ( how much ) money ) ( it ( will ( ( earn you ) ( in future ) ) ) ) ) ) ) ) . ) ) ) )	(ROOT (S (S (NP (PRP They)) (VP (VBP do) (RB not))) (, ,) (NP (PRP they)) (VP (VBP say) (, ,) (VBP value) (NP (NP (DT a) (NN stock)) (PP (IN by) (S (VP (VBG looking) (PP (IN at) (NP (JJ future) (NNS earnings)))))))) (. .)))	(ROOT (S (PP (TO To) (NP (PRP them))) (, ,) (NP (NP (DT the) (NN value)) (PP (IN of) (NP (NN stock)))) (VP (VBZ is) (RB n't) (NP (NP (DT a) (NN question)) (PP (IN of) (SBAR (WHNP (WHADJP (WRB how) (JJ much)) (NN money)) (S (NP (PRP it)) (VP (MD will) (VP (VB earn) (NP (PRP you)) (PP (IN in) (NP (NN future)))))))))) (. .)))	They do not, they say, value a stock by looking at future earnings.	To them, the value of stock isn't a question of how much money it will earn you in future.	entailment	entailment
360684	85684	85684e	fiction	( Now ( , ( ( ( the stress ) ( connected ( with her ) ) ) ( ( was ( rambling ( by ( ( the wall ) ( trying ( to ( find ( a ( way ( to ( re-enter ( ( Simon , ) ( who ( was ( fighting ( with ( ( ( ( the images ) ( on ( the ( tv screen ) ) ) ) and ) ( ( his ( growing interest ) ) ( in Dobrava ) ) ) ) ) ) ) ) ) ) ) ) ) ) ) ) ) ) ) . ) ) ) )	( Simon ( ( was ( working ( with ( the TV ) ) ) ) . ) )	(ROOT (S (ADVP (RB Now)) (, ,) (NP (NP (DT the) (NN stress)) (VP (VBN connected) (PP (IN with) (NP (PRP her))))) (VP (VBD was) (VP (VBG rambling) (PP (IN by) (NP (NP (DT the) (NN wall)) (VP (VBG trying) (S (VP (TO to) (VP (VB find) (NP (DT a) (NN way) (S (VP (TO to) (VP (VB re-enter) (NP (NP (NNP Simon)) (, ,) (SBAR (WHNP (WP who)) (S (VP (VBD was) (VP (VBG fighting) (PP (IN with) (NP (NP (NP (DT the) (NNS images)) (PP (IN on) (NP (DT the) (NN tv) (NN screen)))) (CC and) (NP (NP (PRP$ his) (VBG growing) (NN interest)) (PP (IN in) (NP (NNP Dobrava))))))))))))))))))))))) (. .)))	(ROOT (S (NP (NNP Simon)) (VP (VBD was) (VP (VBG working) (PP (IN with) (NP (DT the) (NN TV))))) (. .)))	Now, the stress connected with her was rambling by the wall trying to find a way to re-enter Simon, who was fighting with the images on the tv screen and his growing interest in Dobrava.	Simon was working with the TV.	entailment	entailment
267453	135813	135813e	slate	( I ( ( ( 've always ) ( liked ( ( ( ( ( ( ( John ( La Care ) ) , ) ( Le Carrier ) ) , ) or ) however ) ( you ( pronounce ( his name ) ) ) ) ) ) . ) )	( ( ( ( ( I ( ( do n't ) ( know ( how ( to ( pronounce ( his name ) ) ) ) ) ) ) , ) but ) ( I ( ( 've always ) ( been ( ( a fan ) ( of ( John LaCare ) ) ) ) ) ) ) . )	(ROOT (S (NP (PRP I)) (VP (VBP 've) (ADVP (RB always)) (VP (VBN liked) (NP (NP (NNP John) (NNP La) (NNP Care)) (, ,) (NP (NNP Le) (NNP Carrier)) (, ,) (CC or) (ADVP (RB however)) (SBAR (S (NP (PRP you)) (VP (VB pronounce) (NP (PRP$ his) (NN name)))))))) (. .)))	(ROOT (S (S (NP (PRP I)) (VP (VBP do) (RB n't) (VP (VB know) (SBAR (WHADVP (WRB how)) (S (VP (TO to) (VP (VB pronounce) (NP (PRP$ his) (NN name))))))))) (, ,) (CC but) (S (NP (PRP I)) (VP (VBP 've) (ADVP (RB always)) (VP (VBN been) (NP (NP (DT a) (NN fan)) (PP (IN of) (NP (NNP John) (NNP LaCare))))))) (. .)))	I've always liked John La Care, Le Carrier, or however you pronounce his name.	I don't know how to pronounce his name, but I've always been a fan of John LaCare.	entailment	entailment
297593	29798	29798e	fiction	( ( ( Again ( another flight ) ) ( to Switzerland ) ) . )	( There ( ( is ( another ( switzerland flight ) ) ) . ) )	(ROOT (FRAG (ADVP (RB Again) (NP (DT another) (NN flight)) (PP (TO to) (NP (NNP Switzerland)))) (. .)))	(ROOT (S (NP (EX There)) (VP (VBZ is) (NP (DT another) (JJ switzerland) (NN flight))) (. .)))	Again another flight to Switzerland.	There is another switzerland flight. 	entailment	entailment
331581	59884	59884c	telephone	( ( Larry Johnson ) ( ( right well ) ( they ( ( 're just ) ( ( ( head and ) shoulders ) ( above ( everybody ( else ( this year ) ) ) ) ) ) ) ) )	( They ( ( 're ( ( doing ( ( the worst ) ( ( ( this year ) out ) ( of ( everyone ( in competition ) ) ) ) ) ) ( with them ) ) ) . ) )	(ROOT (FRAG (NP (NP (NNP Larry) (NNP Johnson)) (SBAR (S (ADVP (RB right) (RB well)) (NP (PRP they)) (VP (VBP 're) (ADVP (RB just)) (NP (NP (NN head) (CC and) (NNS shoulders)) (PP (IN above) (NP (NP (NN everybody)) (NP (RB else) (DT this) (NN year)))))))))))	(ROOT (S (NP (PRP They)) (VP (VBP 're) (VP (VBG doing) (NP (NP (DT the) (JJS worst)) (PP (ADVP (NP (DT this) (NN year)) (IN out)) (IN of) (NP (NP (NN everyone)) (PP (IN in) (NP (NN competition)))))) (PP (IN with) (NP (PRP them))))) (. .)))	Larry Johnson right well they're just head and shoulders above everybody else this year	They're doing the worst this year out of everyone in competition with them.	contradiction	contradiction
157054	56886	56886c	telephone	( ( yeah ( um i ) ) ( think ( ( ( you ( have ( to ( push one ) ) ) ) and ) ( then ( we ( can ( start ( recording it ) ) ) ) ) ) ) )	( ( Pressing ( number one ) ) ( ( will ( let ( us ( hear ( what ( we recorded ) ) ) ) ) ) . ) )	(ROOT (S (NP (JJ yeah) (NN um) (NNS i)) (VP (VBP think) (SBAR (S (S (NP (PRP you)) (VP (VBP have) (S (VP (TO to) (VP (VB push) (NP (CD one))))))) (CC and) (S (ADVP (RB then)) (NP (PRP we)) (VP (MD can) (VP (VB start) (S (VP (VBG recording) (NP (PRP it))))))))))))	(ROOT (S (NP (JJ Pressing) (NN number) (NN one)) (VP (MD will) (VP (VB let) (S (NP (PRP us)) (VP (VB hear) (SBAR (WHNP (WP what)) (S (NP (PRP we)) (VP (VBD recorded)))))))) (. .)))	yeah um i think you have to push one and then we can start recording it	Pressing number one will let us hear what we recorded.	contradiction	contradiction
329209	109964	109964c	slate	( I ( ( could ( have ( ( delivered ( a ( short lecture ) ) ) ( on ( his ( early years ) ) ) ) ) ) . ) )	( I ( ( ( do not ) ( ( know ( enough ( about him ) ) ) ( to ( make ( any remarks ) ) ) ) ) . ) )	(ROOT (S (NP (PRP I)) (VP (MD could) (VP (VB have) (VP (VBN delivered) (NP (DT a) (JJ short) (NN lecture)) (PP (IN on) (NP (PRP$ his) (JJ early) (NNS years)))))) (. .)))	(ROOT (S (NP (PRP I)) (VP (VBP do) (RB not) (VP (VB know) (ADVP (RB enough) (PP (IN about) (NP (PRP him)))) (S (VP (TO to) (VP (VB make) (NP (DT any) (NNS remarks))))))) (. .)))	I could have delivered a short lecture on his early years.	I do not know enough about him to make any remarks.	contradiction	contradiction
221628	25406	25406c	travel	( ( In ( the interior ) ) ( , ( ( the ( same ( exuberant artistry ) ) ) ( ( can ( be ( admired ( in ( ( ( the ( sculpted ( wood ( organ frame ) ) ) ) and ) ( ( the ( stone tracery ) ) ( of ( the ( spiral staircase ) ) ) ) ) ) ) ) ) . ) ) ) )	( ( The ( spiral staircase ) ) ( ( ( is not ) ( made ( of stone ) ) ) . ) )	(ROOT (S (PP (IN In) (NP (DT the) (NN interior))) (, ,) (NP (DT the) (JJ same) (NN exuberant) (NN artistry)) (VP (MD can) (VP (VB be) (VP (VBN admired) (PP (IN in) (NP (NP (DT the) (JJ sculpted) (NN wood) (NN organ) (NN frame)) (CC and) (NP (NP (DT the) (NN stone) (NN tracery)) (PP (IN of) (NP (DT the) (NN spiral) (NN staircase))))))))) (. .)))	(ROOT (S (NP (DT The) (NN spiral) (NN staircase)) (VP (VBZ is) (RB not) (VP (VBN made) (PP (IN of) (NP (NN stone))))) (. .)))	In the interior, the same exuberant artistry can be admired in the sculpted wood organ frame and the stone tracery of the spiral staircase.	The spiral staircase is not made of stone.	contradiction	contradiction
187774	62228	62228c	government	( GAO ( ( ( succeeds ( in ( its mission ) ) ) ( when ( ( its ( ( findings and ) recommendations ) ) ( ( lead ( to improvements ) ) ( wherever ( ( federal dollars ) ( are spent ) ) ) ) ) ) ) . ) )	( ( The GAO ) ( ( focus ( on ( ( ( pumping ( tax ( payers money ) ) ) back ) ( into ( their ( own ( infrastructure ( to ( improve ( ( in-house facilities ) ( such ( as ( the ( canteen ( and ( rest room ) ) ) ) ) ) ) ) ) ) ) ) ) ) ) ) . ) )	(ROOT (S (NP (NNP GAO)) (VP (VBZ succeeds) (PP (IN in) (NP (PRP$ its) (NN mission))) (SBAR (WHADVP (WRB when)) (S (NP (PRP$ its) (NNS findings) (CC and) (NNS recommendations)) (VP (VBP lead) (PP (TO to) (NP (NNS improvements))) (SBAR (WHADVP (WRB wherever)) (S (NP (JJ federal) (NNS dollars)) (VP (VBP are) (VP (VBN spent))))))))) (. .)))	(ROOT (S (NP (DT The) (NNP GAO)) (VP (VBP focus) (PP (IN on) (S (VP (VBG pumping) (NP (NN tax) (NNS payers) (NN money)) (PRT (RP back)) (PP (IN into) (NP (PRP$ their) (JJ own) (NN infrastructure) (S (VP (TO to) (VP (VB improve) (NP (NP (JJ in-house) (NNS facilities)) (PP (JJ such) (IN as) (NP (DT the) (NN canteen) (CC and) (NN rest) (NN room))))))))))))) (. .)))	GAO succeeds in its mission when its findings and recommendations lead to improvements wherever federal dollars are spent.	The GAO focus on pumping tax payers money back into their own infrastructure to improve in-house facilities such as the canteen and rest room.	contradiction	contradiction
351306	5386	5386c	travel	( ( ( ( ( ( ( An ear ) ( ( is usually ) ( ( the signal ) ( for ( ( a lap ) ( of honour ) ) ) ) ) ) , ) and ) , ) ( if ( ( the crowd ) ( ( agrees ( with ( ( ( the award ) , ) ( ( ( flowers and ) botas ) ( of ( wine shower ) ) ) ) ) ) ( into ( the ring ) ) ) ) ) ) . )	( ( An eye ) ( ( is ( used ( to ( signal ( an honor ) ) ) ) ) . ) )	(ROOT (S (S (NP (DT An) (NN ear)) (VP (VBZ is) (ADVP (RB usually)) (NP (NP (DT the) (NN signal)) (PP (IN for) (NP (NP (DT a) (NN lap)) (PP (IN of) (NP (NN honour)))))))) (, ,) (CC and) (, ,) (SBAR (IN if) (S (NP (DT the) (NN crowd)) (VP (VBZ agrees) (PP (IN with) (NP (NP (DT the) (NN award)) (, ,) (NP (NP (NNS flowers) (CC and) (NNS botas)) (PP (IN of) (NP (NN wine) (NN shower)))))) (PP (IN into) (NP (DT the) (NN ring)))))) (. .)))	(ROOT (S (NP (DT An) (NN eye)) (VP (VBZ is) (VP (VBN used) (S (VP (TO to) (VP (VB signal) (NP (DT an) (NN honor))))))) (. .)))	An ear is usually the signal for a lap of honour, and, if the crowd agrees with the award, flowers and botas of wine shower into the ring.	An eye is used to signal an honor.	contradiction	contradiction
328679	69001	69001c	slate	( One ( ( shudders ( to ( imagine ( ( an ( actual ( aged person ) ) ) ( attempting ( to ( use ( this toothpaste ) ) ) ) ) ) ) ) . ) )	( It ( ( ( 's ( very easy ) ) ( to ( imagine ( ( an ( aged person ) ) ( attempting ( to ( use ( ( this toothpaste ) ( in ( real life ) ) ) ) ) ) ) ) ) ) . ) )	(ROOT (S (NP (PRP One)) (VP (VBZ shudders) (S (VP (TO to) (VP (VB imagine) (NP (NP (DT an) (JJ actual) (JJ aged) (NN person)) (VP (VBG attempting) (S (VP (TO to) (VP (VB use) (NP (DT this) (NN toothpaste))))))))))) (. .)))	(ROOT (S (NP (PRP It)) (VP (VBZ 's) (ADJP (RB very) (JJ easy)) (S (VP (TO to) (VP (VB imagine) (NP (NP (DT an) (JJ aged) (NN person)) (VP (VBG attempting) (S (VP (TO to) (VP (VB use) (NP (NP (DT this) (NN toothpaste)) (PP (IN in) (NP (JJ real) (NN life))))))))))))) (. .)))	One shudders to imagine an actual aged person attempting to use this toothpaste.	It's very easy to imagine an aged person attempting to use this toothpaste in real life.	contradiction	contradiction
315335	118020	118020c	travel	( ( For ( more orientation ) ) ( , ( ( visit ( ( the ( Tourist ( Information Office ) ) ) ( on Janpath ) ) ) . ) ) )	( ( The ( Tourist ( Information Office ) ) ) ( ( has ( ( closed years ) ago ) ) . ) )	(ROOT (S (PP (IN For) (NP (JJR more) (NN orientation))) (, ,) (VP (VB visit) (NP (NP (DT the) (NNP Tourist) (NNP Information) (NNP Office)) (PP (IN on) (NP (NNP Janpath))))) (. .)))	(ROOT (S (NP (DT The) (NNP Tourist) (NNP Information) (NNP Office)) (VP (VBZ has) (VP (VBN closed) (NP (NNS years)) (ADVP (IN ago)))) (. .)))	For more orientation, visit the Tourist Information Office on Janpath.	The Tourist Information Office has closed years ago.	contradiction	contradiction
224413	81522	81522n	travel	( ( From ( ( pedal ( ( boats and ) canoes ) ) ( to ( ( windsurfing and ) jetskiing ) ) ) ) ( , ( ( the choice ) ( ( is yours ) . ) ) ) )	( ( Pedal boats ) ( ( are ( ( ( the ( ( most popular ) type ) ) ( of ( boat one ) ) ) ( can use ) ) ) . ) )	(ROOT (S (PP (IN From) (NP (NP (JJ pedal) (NNS boats) (CC and) (NNS canoes)) (PP (TO to) (NP (VBG windsurfing) (CC and) (VBG jetskiing))))) (, ,) (NP (DT the) (NN choice)) (VP (VBZ is) (ADJP (JJ yours))) (. .)))	(ROOT (S (NP (JJ Pedal) (NNS boats)) (VP (VBP are) (NP (NP (DT the) (ADJP (RBS most) (JJ popular)) (NN type)) (PP (IN of) (NP (NN boat) (CD one))) (SBAR (S (VP (MD can) (VP (VB use))))))) (. .)))	From pedal boats and canoes to windsurfing and jetskiing, the choice is yours.	Pedal boats are the most popular type of boat one can use.	neutral	neutral
16728	132831	132831n	telephone	( ( yeah ( they ( ( end up ) ( ( yeah yeah ) ( ( ( you ( ( end up ) ( getting ( the ( same degree ) ) ) ) ) and ) ( it ( 's ( it ( 's ( ( uh uh ) now ) ) ) ) ) ) ) ) ) ) ( ( i i ) ( think ( ( that that ) ( ( what ( happens ( ( is ( ( the ( prestige you ) ) ( you ( ca n't ) ) ) ) you ) ) ) ( you ( ( ca n't ) ( sell ( that ( too much ) ) ) ) ) ) ) ) ) )	( ( The prestige ) ( ( can ( be ( an ( important factor ) ) ) ) . ) )	(ROOT (SINV (VP (VB yeah) (S (NP (PRP they)) (VP (VB end) (PRT (RP up)) (NP (NP (JJ yeah) (NN yeah)) (SBAR (S (S (NP (PRP you)) (VP (VBP end) (PRT (RP up)) (S (VP (VBG getting) (NP (DT the) (JJ same) (NN degree)))))) (CC and) (S (NP (PRP it)) (VP (VBZ 's) (SBAR (S (NP (PRP it)) (VP (VBZ 's) (NP (INTJ (UH uh) (UH uh)) (NP (RB now)))))))))))))) (NP (NP (FW i) (FW i)) (SBAR (S (VP (VBP think) (SBAR (IN that) (IN that) (S (SBAR (WHNP (WP what)) (S (VP (VBZ happens) (SBAR (S (VP (VBZ is) (NP (NP (DT the) (NN prestige) (NN you)) (SBAR (S (NP (PRP you)) (VP (MD ca) (RB n't)))))) (NP (PRP you))))))) (NP (PRP you)) (VP (MD ca) (RB n't) (VP (VB sell) (S (NP (DT that)) (ADJP (RB too) (JJ much)))))))))))))	(ROOT (S (NP (DT The) (NN prestige)) (VP (MD can) (VP (VB be) (NP (DT an) (JJ important) (NN factor)))) (. .)))	yeah they end up yeah yeah you end up getting the same degree and it's it's uh uh now i i think that that what happens is the prestige you you can't you you can't sell that too much	The prestige can be an important factor.	neutral	neutral
90205	119871	119871n	slate	( ( Secret ( tabloid technique ) ) ( debunked ! ) )	( ( Some tabloids ) ( ( ( use ( secret techniques ) ) ( for ( finding information ) ) ) . ) )	(ROOT (S (NP (JJ Secret) (JJ tabloid) (NN technique)) (VP (VBD debunked)) (. !)))	(ROOT (S (NP (DT Some) (NNS tabloids)) (VP (VBP use) (NP (JJ secret) (NNS techniques)) (PP (IN for) (S (VP (VBG finding) (NP (NN information)))))) (. .)))	Secret tabloid technique debunked!	Some tabloids use secret techniques for finding information.	neutral	neutral
253578	41082	41082n	travel	( ( ( ( Built ( by ( the ( powerful ( Gian ( Galeazzo Visconti ) ) ) ) ) ) , ) ( ( ( Duke ( of Milan ) ) ( , ( ( as ( ( ( ( ( his ( family 's ) ) ( burial chapel ) ) , ) ( ( the ( Carthusian ( monastery 's ) ) ) 15th ) ) - ) ) ? ) ) ) ( ( century church ) ( is ( ( a ( high point ) ) ( in ( ( the transition ) ( from ( ( Flamboyant Gothic ) ( to Renaissance ) ) ) ) ) ) ) ) ) ) . )	( ( ( The ( church 's ) ) steeple ) ( ( is ( ( 70 feet ) tall ) ) . ) )	(ROOT (S (S (VP (VBN Built) (PP (IN by) (NP (DT the) (JJ powerful) (NNP Gian) (NNP Galeazzo) (NNP Visconti))))) (, ,) (S (FRAG (NP (NP (NNP Duke)) (PP (IN of) (NP (NNP Milan)))) (, ,) (PP (IN as) (NP (NP (NP (PRP$ his) (NN family) (POS 's)) (NN burial) (NN chapel)) (, ,) (NP (NP (DT the) (NNP Carthusian) (NN monastery) (POS 's)) (NN 15th)) (: -))) (. ?)) (NP (NN century) (NN church)) (VP (VBZ is) (NP (NP (DT a) (JJ high) (NN point)) (PP (IN in) (NP (NP (DT the) (NN transition)) (PP (IN from) (NP (NP (NNP Flamboyant) (NNP Gothic)) (PP (TO to) (NP (NNP Renaissance)))))))))) (. .)))	(ROOT (S (NP (NP (DT The) (NN church) (POS 's)) (NN steeple)) (VP (VBZ is) (ADJP (NP (CD 70) (NNS feet)) (JJ tall))) (. .)))	Built by the powerful Gian Galeazzo Visconti, Duke of Milan, as his family's burial chapel, the Carthusian monastery's 15th-?­century church is a high point in the transition from Flamboyant Gothic to Renaissance.	The church's steeple is 70 feet tall.	neutral	neutral
283033	18558	18558n	telephone	( ( yeah ( i ( i i ) ) ) ( just ( ( ( i ( just ( ( ( chock it ) ( up ( to ( this ( obstinate Americanism ) ) ) ) ) ( because ( they ( sit there ) ) ) ) ) ) and ) ( and ( they ( just ( ( do n't ) ( want ( to ( learn ( ( a ( new system ) ) ( you ( know ( it ( 's ( just ( ( like they ) ( they ( ( wo n't ) ( learn ( ( foreign languages ) ( they ( go ( some ( you ( know ( they ( ( expect everybody ) ( to ( speak ( English yeah ) ) ) ) ) ) ) ) ) ) ) ) ) ) ) ) ) ) ) ) ) ) ) ) ) ) ) ) ) ) )	( Americans ( ( are ( ( big hypocrites ) ( about immigrants ) ) ) . ) )	(ROOT (S (VP (VB yeah) (NP (FW i) (FW i) (FW i)) (SBAR (RB just) (S (S (NP (FW i)) (ADVP (RB just)) (VP (VBP chock) (NP (PRP it)) (ADVP (RB up) (PP (TO to) (NP (DT this) (JJ obstinate) (NN Americanism)))) (SBAR (IN because) (S (NP (PRP they)) (VP (VBP sit) (ADVP (RB there))))))) (CC and) (S (CC and) (S (NP (PRP they)) (ADVP (RB just)) (VP (VBP do) (RB n't) (VP (VB want) (S (VP (TO to) (VP (VB learn) (NP (NP (DT a) (JJ new) (NN system)) (SBAR (S (NP (PRP you)) (VP (VBP know) (SBAR (S (NP (PRP it)) (VP (VBZ 's) (VP (ADVP (RB just)) (JJ like) (NP (PRP they)) (SBAR (S (NP (PRP they)) (VP (MD wo) (RB n't) (VP (VB learn) (NP (NP (JJ foreign) (NNS languages)) (SBAR (S (NP (PRP they)) (VP (VBP go) (NP (NP (DT some)) (SBAR (S (NP (PRP you)) (VP (VBP know) (SBAR (S (NP (PRP they)) (VP (VBP expect) (NP (NN everybody)) (S (VP (TO to) (VP (VB speak) (NP (JJ English) (NN yeah))))))))))))))))))))))))))))))))))))))))	(ROOT (S (NP (NNPS Americans)) (VP (VBP are) (NP (NP (JJ big) (NNS hypocrites)) (PP (IN about) (NP (NNS immigrants))))) (. .)))	yeah i i i just i just chock it up to this obstinate Americanism because they sit there and and they just don't want to learn a new system you know it's just like they they won't learn foreign languages they go some you know they expect everybody to speak English yeah	Americans are big hypocrites about immigrants.	neutral	neutral
174196	91326	91326n	telephone	( ( oh i ) ( see ( ( ( well ( i ( was ( raised ( on ( ( the ( Texas ( Gulf Coast ) ) ) ( in ( the summers ) ) ) ) ) ) ) ) and ) ( ( during ( the ( Christmas holidays ) ) ) ( we ( 'd ( ( go down ) ( to ( ( our house ) ( on ( the coast ) ) ) ) ) ) ) ) ) ) )	( ( Some ( of ( my ( best memories ) ) ) ) ( ( ( are down ) ( on ( the ( Texas ( Gulf Coast ) ) ) ) ) . ) )	(ROOT (S (NP (NNP oh) (NNP i)) (VP (VBP see) (SBAR (S (S (ADVP (RB well)) (NP (FW i)) (VP (VBD was) (VP (VBN raised) (PP (IN on) (NP (NP (DT the) (NNP Texas) (NNP Gulf) (NNP Coast)) (PP (IN in) (NP (DT the) (NNS summers)))))))) (CC and) (S (PP (IN during) (NP (DT the) (NNP Christmas) (NNS holidays))) (NP (PRP we)) (VP (MD 'd) (VP (VB go) (PRT (RP down)) (PP (TO to) (NP (NP (PRP$ our) (NN house)) (PP (IN on) (NP (DT the) (NN coast)))))))))))))	(ROOT (S (NP (NP (DT Some)) (PP (IN of) (NP (PRP$ my) (JJS best) (NNS memories)))) (VP (VBP are) (ADVP (RB down)) (PP (IN on) (NP (DT the) (NNP Texas) (NNP Gulf) (NNP Coast)))) (. .)))	oh i see well i was raised on the Texas Gulf Coast in the summers and during the Christmas holidays we'd go down to our house on the coast	Some of my best memories are down on the Texas Gulf Coast.	neutral	neutral
266227	93970	93970n	government	( It ( ( ( will also ) ( ( ( improve visibility ) ( over ( much ( of ( ( ( the country ) , ) ( ( particularly ( the ( scenic vistas ) ) ) ( in ( national parks ) ) ) ) ) ) ) ) ( such ( the ( Grand Canyon ) ) ) ) ) . ) )	( ( ( The view ) ( in ( all ( national parks ) ) ) ) ( ( will ( be ( perfectly ( clear ( because ( of it ) ) ) ) ) ) . ) )	(ROOT (S (NP (PRP It)) (VP (MD will) (ADVP (RB also)) (VP (VB improve) (NP (NN visibility)) (PP (IN over) (NP (NP (RB much)) (PP (IN of) (NP (NP (DT the) (NN country)) (, ,) (NP (NP (RB particularly) (DT the) (JJ scenic) (NNS vistas)) (PP (IN in) (NP (JJ national) (NNS parks)))))))) (PP (JJ such) (NP (DT the) (NNP Grand) (NNP Canyon))))) (. .)))	(ROOT (S (NP (NP (DT The) (NN view)) (PP (IN in) (NP (DT all) (JJ national) (NNS parks)))) (VP (MD will) (VP (VB be) (ADJP (RB perfectly) (JJ clear) (PP (RB because) (IN of) (NP (PRP it)))))) (. .)))	It will also improve visibility over much of the country, particularly the scenic vistas in national parks such the Grand Canyon.	The view in all national parks will be perfectly clear because of it.	neutral	neutral
211946	11487	11487n	slate	( 3 ( Why ( ( do ( men ( fight ( so much ) ) ) ) ? ) ) )	( Why ( ( ( ( do n't ) men ) ( just ( ( talk out ) ( ( their problems ) ( like women ) ) ) ) ) ? ) )	(ROOT (S (LST (LS 3)) (ADVP (WRB Why)) (VP (VB do) (S (NP (NNS men)) (VP (VB fight) (ADVP (RB so) (RB much))))) (. ?)))	(ROOT (SBARQ (WHADVP (WRB Why)) (SQ (VBP do) (RB n't) (NP (NNS men)) (VP (ADVP (RB just)) (VB talk) (PRT (RP out)) (NP (NP (PRP$ their) (NNS problems)) (PP (IN like) (NP (NNS women)))))) (. ?)))	3 Why do men fight so much?	Why don't men just talk out their problems like women?	neutral	neutral
